Date,Time,User,UserID,Server_Location,Input_Type,Balance,Amount_Transaction,Fees,API_Group,Previous_Amount,Final_Balance,Account_Status,Transaction_Status,Error_Code
2024-05-23,19:39:00,Retail,9045,Region 2,Register,11384486.0,47872.0,478.72,Delivery,11336614.0,11336135.28,Suspended,Approved,110
2024-05-23,19:39:00,Bank,8487,Region 7,Mobile_Tablet,35555536.0,42737.0,427.37,Delivery,35512799.0,35512371.63,Active,Approved,110
2024-05-23,19:39:00,Retail,1735,Region 1,Mobile_Phone,5395256.0,46177.0,461.77,Delivery,5349079.0,5348617.23,Flag,Approved,103
2024-05-23,19:39:00,Crypto_Account,1593,Region 1,Mobile_Tablet,31572764.0,37920.0,379.2,Wirehouse,31534844.0,31534464.8,Suspended,Approved,109
2024-05-23,19:39:00,Vendor,2702,Region 2,ATM,31745525.0,7841.0,78.41,Retail,31737684.0,31737605.59,Suspended,Denied,105
2024-05-23,19:39:00,Crypto_Account,2128,Region 5,Mobile_Phone,35950651.0,45750.0,457.5,Retail,35904901.0,35904443.5,Active,Denied,102
2024-05-23,19:39:00,Vendor,3703,Region 4,Mobile_Phone,32166914.0,46856.0,468.56,Delivery,32120058.0,32119589.44,Suspended,Approved,110
2024-05-23,19:39:00,Bank,5120,Region 1,Mobile_Phone,28984744.0,28529.0,285.29,Delivery,28956215.0,28955929.71,Active,Approved,105
2024-05-23,19:39:00,ECommerce,9392,Region 7,PC,15458448.0,6148.0,61.48,Retail,15452300.0,15452238.52,Suspended,Approved,101
2024-05-23,19:39:00,Bank,7843,Region 3,ATM,34061417.0,34664.0,346.64,Wirehouse,34026753.0,34026406.36,Suspended,Approved,110
2024-05-23,19:39:00,ECommerce,4783,Region 3,Register,11503718.0,15912.0,159.12,Crypto,11487806.0,11487646.88,Flag,Denied,110
2024-05-23,19:39:00,Bank,9053,Region 3,PC,12758720.0,6424.0,64.24,Delivery,12752296.0,12752231.76,Suspended,Denied,109
2024-05-23,19:39:00,ECommerce,2138,Region 5,Mobile_Phone,40612627.0,3354.0,33.54,Crypto,40609273.0,40609239.46,Flag,Denied,107
2024-05-23,19:39:00,Crypto_Account,7663,Region 1,PC,34005891.0,14724.0,147.24,Retail,33991167.0,33991019.76,Flag,Approved,104
2024-05-23,19:39:00,Retail,8335,Region 5,ATM,33871647.0,25301.0,253.01,Crypto,33846346.0,33846092.99,Flag,Approved,108
2024-05-23,19:39:00,Bank,6024,Region 1,PC,24562501.0,38875.0,388.75,Wirehouse,24523626.0,24523237.25,Flag,Approved,104
2024-05-23,19:39:00,ECommerce,8001,Region 6,Register,4994572.0,24389.0,243.89,Crypto,4970183.0,4969939.11,Suspended,Denied,108
2024-05-23,19:39:00,ECommerce,9442,Region 4,Mobile_Phone,36209785.0,30377.0,303.77,Customer,36179408.0,36179104.23,Flag,Approved,106
2024-05-23,19:39:00,Retail,3759,Region 5,Register,24840441.0,10374.0,103.74,Wirehouse,24830067.0,24829963.26,Suspended,Approved,106
2024-05-23,19:39:00,Retail,9873,Region 3,Mobile_Tablet,20522714.0,9565.0,95.65,Wirehouse,20513149.0,20513053.35,Active,Denied,101
2024-05-23,19:39:00,Vendor,7347,Region 6,Mobile_Tablet,14731073.0,49012.0,490.12,Customer,14682061.0,14681570.88,Suspended,Denied,110
2024-05-23,19:39:00,Bank,9601,Region 7,Mobile_Phone,16843845.0,29769.0,297.69,Crypto,16814076.0,16813778.31,Suspended,Approved,105
2024-05-23,19:39:00,Vendor,1623,Region 5,PC,31670444.0,38767.0,387.67,Delivery,31631677.0,31631289.33,Flag,Denied,107
2024-05-23,19:39:00,ECommerce,7368,Region 7,PC,44928894.0,32682.0,326.82,Customer,44896212.0,44895885.18,Flag,Approved,109
2024-05-23,19:39:00,Bank,5055,Region 4,Register,26361312.0,8423.0,84.23,Wirehouse,26352889.0,26352804.77,Active,Denied,102
2024-05-23,19:39:00,Bank,6217,Region 1,Mobile_Tablet,29013937.0,23649.0,236.49,Retail,28990288.0,28990051.51,Suspended,Denied,103
2024-05-23,19:39:00,Retail,3512,Region 5,Register,27354973.0,25672.0,256.72,Wirehouse,27329301.0,27329044.28,Suspended,Approved,105
2024-05-23,19:39:00,Bank,1482,Region 7,Mobile_Phone,8493750.0,41685.0,416.85,Crypto,8452065.0,8451648.15,Active,Denied,106
2024-05-23,19:39:00,Vendor,4756,Region 5,Mobile_Phone,17997870.0,11774.0,117.74,Crypto,17986096.0,17985978.26,Suspended,Denied,104
2024-05-23,19:39:00,Retail,8255,Region 3,Mobile_Phone,15817970.0,4486.0,44.86,Customer,15813484.0,15813439.14,Suspended,Denied,108
2024-05-23,19:39:00,Bank,4367,Region 3,PC,1847046.0,21789.0,217.89,Crypto,1825257.0,1825039.11,Active,Denied,109
2024-05-23,19:39:00,Bank,4825,Region 6,Mobile_Tablet,36845483.0,18161.0,181.61,Customer,36827322.0,36827140.39,Suspended,Denied,105
2024-05-23,19:39:00,Bank,2944,Region 7,Mobile_Phone,41870115.0,14733.0,147.33,Delivery,41855382.0,41855234.67,Active,Denied,110
2024-05-23,19:39:00,Retail,7215,Region 7,Register,5208944.0,40037.0,400.37,Crypto,5168907.0,5168506.63,Flag,Approved,101
2024-05-23,19:39:00,Vendor,2834,Region 4,ATM,11956382.0,2560.0,25.6,Wirehouse,11953822.0,11953796.4,Flag,Denied,110
2024-05-23,19:39:00,Retail,6772,Region 2,Mobile_Phone,24579273.0,4741.0,47.41,Crypto,24574532.0,24574484.59,Active,Denied,104
2024-05-23,19:39:00,Vendor,3086,Region 2,PC,21389376.0,29156.0,291.56,Delivery,21360220.0,21359928.44,Flag,Approved,106
2024-05-23,19:39:00,ECommerce,7921,Region 3,Mobile_Tablet,38916221.0,49255.0,492.55,Wirehouse,38866966.0,38866473.45,Active,Denied,105
2024-05-23,19:39:00,Bank,6647,Region 5,PC,4763510.0,41498.0,414.98,Retail,4722012.0,4721597.02,Suspended,Approved,103
2024-05-23,19:39:00,Retail,8622,Region 6,ATM,31508560.0,22061.0,220.61,Delivery,31486499.0,31486278.39,Flag,Denied,106
2024-05-23,19:39:00,Retail,9273,Region 6,ATM,22489338.0,42334.0,423.34,Customer,22447004.0,22446580.66,Suspended,Denied,101
2024-05-23,19:39:00,Crypto_Account,9380,Region 2,ATM,14358472.0,49423.0,494.23,Retail,14309049.0,14308554.77,Suspended,Denied,104
2024-05-23,19:39:00,ECommerce,8736,Region 4,PC,32119378.0,11361.0,113.61,Crypto,32108017.0,32107903.39,Flag,Approved,105
2024-05-23,19:39:00,ECommerce,5561,Region 7,ATM,34023247.0,46567.0,465.67,Wirehouse,33976680.0,33976214.33,Active,Denied,107
2024-05-23,19:39:00,Vendor,8052,Region 3,Register,44903450.0,49666.0,496.66,Retail,44853784.0,44853287.34,Active,Denied,105
2024-05-23,19:39:00,Retail,1034,Region 4,Mobile_Tablet,6672286.0,19439.0,194.39,Customer,6652847.0,6652652.61,Suspended,Approved,103
2024-05-23,19:39:00,Retail,5961,Region 5,Mobile_Phone,25882802.0,3259.0,32.59,Retail,25879543.0,25879510.41,Active,Denied,105
2024-05-23,19:39:00,Vendor,6442,Region 4,Register,40718976.0,30839.0,308.39,Customer,40688137.0,40687828.61,Flag,Approved,103
2024-05-23,19:39:00,Crypto_Account,3760,Region 5,ATM,20874763.0,20064.0,200.64,Wirehouse,20854699.0,20854498.36,Suspended,Approved,106
2024-05-23,19:39:00,Retail,3716,Region 4,PC,33201499.0,6065.0,60.65,Customer,33195434.0,33195373.35,Flag,Denied,108
2024-05-23,19:39:00,Bank,6297,Region 6,Mobile_Tablet,10897030.0,12558.0,125.58,Delivery,10884472.0,10884346.42,Suspended,Denied,104
2024-05-23,19:39:00,Bank,3176,Region 1,Register,36425889.0,37873.0,378.73,Wirehouse,36388016.0,36387637.27,Active,Approved,101
2024-05-23,19:39:00,ECommerce,5612,Region 6,Register,24761279.0,5566.0,55.66,Customer,24755713.0,24755657.34,Flag,Approved,107
2024-05-23,19:39:00,Retail,7080,Region 4,Register,17619178.0,38287.0,382.87,Retail,17580891.0,17580508.13,Flag,Approved,102
2024-05-23,19:39:00,Retail,3192,Region 3,PC,25359994.0,21133.0,211.33,Delivery,25338861.0,25338649.67,Suspended,Denied,105
2024-05-23,19:39:00,ECommerce,8453,Region 6,Mobile_Phone,4128841.0,10800.0,108.0,Retail,4118041.0,4117933.0,Active,Approved,106
2024-05-23,19:39:00,Retail,4632,Region 6,Mobile_Tablet,9091947.0,22668.0,226.68,Crypto,9069279.0,9069052.32,Flag,Denied,106
2024-05-23,19:39:00,Vendor,3904,Region 2,Mobile_Phone,28511761.0,43054.0,430.54,Customer,28468707.0,28468276.46,Active,Denied,102
2024-05-23,19:39:00,Vendor,8979,Region 5,PC,803577.0,868.0,8.68,Wirehouse,802709.0,802700.32,Suspended,Denied,104
2024-05-23,19:39:00,ECommerce,7071,Region 4,Mobile_Phone,32870952.0,723.0,7.23,Customer,32870229.0,32870221.77,Suspended,Approved,101
2024-05-23,19:39:00,Bank,7460,Region 7,Mobile_Tablet,42981315.0,27075.0,270.75,Delivery,42954240.0,42953969.25,Flag,Approved,106
2024-05-23,19:39:00,Bank,4546,Region 4,Mobile_Phone,14543346.0,27584.0,275.84,Retail,14515762.0,14515486.16,Active,Approved,102
2024-05-23,19:39:00,Vendor,1860,Region 5,ATM,39941601.0,35903.0,359.03,Crypto,39905698.0,39905338.97,Active,Approved,103
2024-05-23,19:39:00,ECommerce,8236,Region 4,ATM,37644591.0,22737.0,227.37,Delivery,37621854.0,37621626.63,Suspended,Approved,102
2024-05-23,19:39:00,Vendor,2454,Region 3,ATM,21316243.0,29023.0,290.23,Wirehouse,21287220.0,21286929.77,Flag,Approved,105
2024-05-23,19:39:00,Retail,4527,Region 3,Register,10466713.0,29803.0,298.03,Delivery,10436910.0,10436611.97,Suspended,Approved,104
2024-05-23,19:39:00,Crypto_Account,5362,Region 4,Mobile_Phone,27208265.0,4900.0,49.0,Wirehouse,27203365.0,27203316.0,Flag,Approved,110
2024-05-23,19:39:00,Crypto_Account,7585,Region 3,Mobile_Phone,33998135.0,26769.0,267.69,Wirehouse,33971366.0,33971098.31,Active,Approved,107
2024-05-23,19:39:00,Retail,7204,Region 4,Mobile_Phone,34020299.0,21187.0,211.87,Wirehouse,33999112.0,33998900.13,Suspended,Approved,105
2024-05-23,19:39:00,Bank,9849,Region 6,Mobile_Tablet,41579642.0,28542.0,285.42,Retail,41551100.0,41550814.58,Active,Approved,107
2024-05-23,19:39:00,Retail,6377,Region 6,ATM,5100090.0,15086.0,150.86,Delivery,5085004.0,5084853.14,Flag,Approved,102
2024-05-23,19:39:00,ECommerce,8004,Region 7,PC,18051396.0,6438.0,64.38,Wirehouse,18044958.0,18044893.62,Flag,Denied,104
2024-05-23,19:39:00,Bank,6884,Region 7,ATM,25058513.0,29722.0,297.22,Retail,25028791.0,25028493.78,Active,Denied,101
2024-05-23,19:39:00,Crypto_Account,7894,Region 6,Mobile_Phone,36687071.0,46953.0,469.53,Customer,36640118.0,36639648.47,Suspended,Denied,105
2024-05-23,19:39:00,ECommerce,1557,Region 7,ATM,32387579.0,31988.0,319.88,Delivery,32355591.0,32355271.12,Active,Approved,108
2024-05-23,19:39:00,Crypto_Account,5775,Region 7,Mobile_Phone,7030740.0,25016.0,250.16,Crypto,7005724.0,7005473.84,Flag,Approved,104
2024-05-23,19:39:00,ECommerce,7779,Region 6,Mobile_Tablet,36968013.0,25235.0,252.35,Retail,36942778.0,36942525.65,Suspended,Approved,109
2024-05-23,19:39:00,Bank,4886,Region 6,PC,19154737.0,32215.0,322.15,Customer,19122522.0,19122199.85,Flag,Denied,106
2024-05-23,19:39:00,Vendor,5227,Region 4,PC,2499454.0,37586.0,375.86,Customer,2461868.0,2461492.14,Flag,Approved,108
2024-05-23,19:39:00,Vendor,5498,Region 6,Mobile_Phone,35851412.0,1132.0,11.32,Retail,35850280.0,35850268.68,Suspended,Denied,109
2024-05-23,19:39:00,Vendor,3166,Region 6,Mobile_Phone,10824949.0,28456.0,284.56,Crypto,10796493.0,10796208.44,Active,Denied,110
2024-05-23,19:39:00,ECommerce,5525,Region 5,PC,2625121.0,47809.0,478.09,Retail,2577312.0,2576833.91,Suspended,Denied,103
2024-05-23,19:39:00,Vendor,2517,Region 7,Mobile_Phone,3974653.0,7099.0,70.99,Delivery,3967554.0,3967483.01,Suspended,Denied,102
2024-05-23,19:39:00,ECommerce,5747,Region 7,ATM,11345487.0,27301.0,273.01,Customer,11318186.0,11317912.99,Active,Denied,109
2024-05-23,19:39:00,Bank,8220,Region 6,Mobile_Phone,18240128.0,3699.0,36.99,Wirehouse,18236429.0,18236392.01,Suspended,Approved,108
2024-05-23,19:39:00,Bank,3307,Region 3,ATM,591719.0,4726.0,47.26,Crypto,586993.0,586945.74,Suspended,Approved,101
2024-05-23,19:39:00,Retail,9172,Region 2,Register,16449123.0,198.0,1.98,Delivery,16448925.0,16448923.02,Flag,Denied,108
2024-05-23,19:39:00,Vendor,3228,Region 6,PC,41589307.0,27494.0,274.94,Crypto,41561813.0,41561538.06,Flag,Approved,108
2024-05-23,19:39:00,Vendor,4911,Region 3,Mobile_Phone,19195880.0,35904.0,359.04,Retail,19159976.0,19159616.96,Active,Approved,110
2024-05-23,19:39:00,Vendor,9590,Region 6,Mobile_Phone,35098257.0,34667.0,346.67,Delivery,35063590.0,35063243.33,Flag,Approved,104
2024-05-23,19:39:00,Bank,5731,Region 5,Register,20021759.0,45048.0,450.48,Retail,19976711.0,19976260.52,Suspended,Approved,106
2024-05-23,19:39:00,Retail,3292,Region 1,PC,18971963.0,47354.0,473.54,Crypto,18924609.0,18924135.46,Active,Approved,109
2024-05-23,19:39:00,Vendor,8309,Region 7,Mobile_Phone,25351058.0,19708.0,197.08,Delivery,25331350.0,25331152.92,Suspended,Approved,108
2024-05-23,19:39:00,ECommerce,7815,Region 6,ATM,30136645.0,7964.0,79.64,Customer,30128681.0,30128601.36,Active,Denied,108
2024-05-23,19:39:00,ECommerce,6270,Region 3,PC,35195396.0,46613.0,466.13,Retail,35148783.0,35148316.87,Active,Approved,107
2024-05-23,19:39:00,Vendor,6675,Region 5,Mobile_Tablet,21290898.0,21317.0,213.17,Retail,21269581.0,21269367.83,Suspended,Denied,108
2024-05-23,19:39:00,Retail,5587,Region 6,ATM,15575726.0,3579.0,35.79,Wirehouse,15572147.0,15572111.21,Suspended,Approved,110
2024-05-23,19:39:00,Bank,4417,Region 5,PC,43648268.0,27271.0,272.71,Customer,43620997.0,43620724.29,Active,Denied,106
2024-05-23,19:39:00,Crypto_Account,9802,Region 6,Mobile_Tablet,15863353.0,6338.0,63.38,Delivery,15857015.0,15856951.62,Suspended,Denied,102
2024-05-23,19:39:00,Crypto_Account,7225,Region 1,Register,16578509.0,34550.0,345.5,Crypto,16543959.0,16543613.5,Suspended,Denied,109
2024-05-23,19:49:05,Bank,7138,Region 1,PC,39981220.0,3135.0,31.35,Retail,39978085.0,39978053.65,Flag,Approved,102
2024-05-23,19:49:05,Retail,3059,Region 4,Mobile_Tablet,22508905.0,5724.0,57.24,Delivery,22503181.0,22503123.76,Active,Approved,110
2024-05-23,19:49:05,Retail,6368,Region 1,PC,38300366.0,48859.0,488.59,Wirehouse,38251507.0,38251018.41,Active,Denied,106
2024-05-23,19:49:05,ECommerce,1196,Region 5,Mobile_Tablet,23610057.0,11477.0,114.77,Delivery,23598580.0,23598465.23,Suspended,Denied,103
2024-05-23,19:49:05,Bank,5765,Region 7,Mobile_Tablet,22450752.0,20665.0,206.65,Crypto,22430087.0,22429880.35,Flag,Denied,106
2024-05-23,19:49:05,ECommerce,8573,Region 3,Register,36039758.0,25209.0,252.09,Retail,36014549.0,36014296.91,Flag,Approved,107
2024-05-23,19:49:05,Bank,6743,Region 2,Mobile_Tablet,27165830.0,11262.0,112.62,Customer,27154568.0,27154455.38,Suspended,Approved,108
2024-05-23,19:49:05,Vendor,4792,Region 7,Mobile_Phone,22523116.0,41434.0,414.34,Customer,22481682.0,22481267.66,Active,Denied,110
2024-05-23,19:49:05,ECommerce,2712,Region 3,Mobile_Tablet,42587569.0,16001.0,160.01,Retail,42571568.0,42571407.99,Active,Denied,109
2024-05-23,19:49:05,ECommerce,7228,Region 6,ATM,36796467.0,10058.0,100.58,Customer,36786409.0,36786308.42,Active,Denied,104
2024-05-23,19:49:05,Vendor,1988,Region 5,Mobile_Tablet,24701596.0,48159.0,481.59,Wirehouse,24653437.0,24652955.41,Flag,Denied,104
2024-05-23,19:49:05,Bank,8327,Region 2,ATM,37687447.0,12090.0,120.9,Delivery,37675357.0,37675236.1,Suspended,Approved,108
2024-05-23,19:49:05,ECommerce,6289,Region 2,Mobile_Phone,23491057.0,33084.0,330.84,Crypto,23457973.0,23457642.16,Suspended,Approved,105
2024-05-23,19:49:05,Retail,3234,Region 3,Register,14048376.0,25016.0,250.16,Crypto,14023360.0,14023109.84,Suspended,Denied,109
2024-05-23,19:49:05,Crypto_Account,9360,Region 6,Mobile_Phone,13735909.0,10334.0,103.34,Crypto,13725575.0,13725471.66,Active,Approved,108
2024-05-23,19:49:05,Retail,4384,Region 1,PC,1036424.0,3568.0,35.68,Delivery,1032856.0,1032820.32,Suspended,Approved,103
2024-05-23,19:49:05,Vendor,1974,Region 7,Register,9165567.0,40414.0,404.14,Retail,9125153.0,9124748.86,Suspended,Approved,110
2024-05-23,19:49:05,Vendor,1373,Region 1,Register,12906307.0,46220.0,462.2,Wirehouse,12860087.0,12859624.8,Suspended,Denied,109
2024-05-23,19:49:05,Retail,2010,Region 4,Mobile_Phone,17348719.0,41568.0,415.68,Retail,17307151.0,17306735.32,Flag,Approved,106
2024-05-23,19:49:05,ECommerce,2418,Region 5,Mobile_Phone,37875324.0,22974.0,229.74,Delivery,37852350.0,37852120.26,Flag,Approved,107
2024-05-23,19:49:05,ECommerce,4417,Region 6,Mobile_Tablet,17440376.0,7023.0,70.23,Customer,17433353.0,17433282.77,Suspended,Denied,109
2024-05-23,19:49:05,ECommerce,8142,Region 7,Register,16688697.0,32973.0,329.73,Crypto,16655724.0,16655394.27,Suspended,Denied,101
2024-05-23,19:49:05,Retail,1749,Region 4,Mobile_Phone,19747114.0,48118.0,481.18,Delivery,19698996.0,19698514.82,Suspended,Approved,107
2024-05-23,19:49:05,ECommerce,7102,Region 4,Register,11787056.0,16522.0,165.22,Delivery,11770534.0,11770368.78,Suspended,Denied,109
2024-05-23,19:49:05,Crypto_Account,8508,Region 4,PC,38944619.0,965.0,9.65,Customer,38943654.0,38943644.35,Suspended,Approved,103
2024-05-23,19:49:05,ECommerce,8580,Region 5,Register,812693.0,27690.0,276.9,Retail,785003.0,784726.1,Active,Approved,107
2024-05-23,19:49:05,Bank,8417,Region 1,ATM,19181942.0,7710.0,77.1,Crypto,19174232.0,19174154.9,Active,Approved,101
2024-05-23,19:49:05,Retail,4211,Region 3,Register,37382778.0,156.0,1.56,Delivery,37382622.0,37382620.44,Flag,Denied,101
2024-05-23,19:49:05,Retail,6995,Region 5,PC,19173700.0,5568.0,55.68,Customer,19168132.0,19168076.32,Suspended,Approved,110
2024-05-23,19:49:05,Bank,5377,Region 5,PC,22363393.0,44250.0,442.5,Delivery,22319143.0,22318700.5,Suspended,Approved,104
2024-05-23,19:49:05,Retail,1455,Region 4,Mobile_Phone,25601586.0,2992.0,29.92,Wirehouse,25598594.0,25598564.08,Flag,Denied,109
2024-05-23,19:49:05,ECommerce,7788,Region 5,Register,33784500.0,7777.0,77.77,Delivery,33776723.0,33776645.23,Flag,Approved,105
2024-05-23,19:49:05,Bank,3350,Region 3,Register,6510399.0,26430.0,264.3,Wirehouse,6483969.0,6483704.7,Suspended,Denied,101
2024-05-23,19:49:05,Vendor,4895,Region 5,Mobile_Phone,19968757.0,45842.0,458.42,Delivery,19922915.0,19922456.58,Active,Denied,102
2024-05-23,19:49:05,Crypto_Account,5573,Region 5,Register,33172537.0,18900.0,189.0,Retail,33153637.0,33153448.0,Flag,Approved,109
2024-05-23,19:49:05,Vendor,8231,Region 4,Mobile_Phone,3875142.0,20199.0,201.99,Wirehouse,3854943.0,3854741.01,Suspended,Denied,105
2024-05-23,19:49:05,Bank,2115,Region 2,Register,44129735.0,1063.0,10.63,Customer,44128672.0,44128661.37,Active,Approved,105
2024-05-23,19:49:05,Bank,9696,Region 7,Mobile_Phone,23162139.0,11218.0,112.18,Customer,23150921.0,23150808.82,Flag,Approved,106
2024-05-23,19:49:05,ECommerce,4444,Region 4,Mobile_Tablet,14715140.0,37552.0,375.52,Wirehouse,14677588.0,14677212.48,Flag,Denied,107
2024-05-23,19:49:05,Bank,6277,Region 4,Register,38376233.0,13920.0,139.2,Crypto,38362313.0,38362173.8,Suspended,Approved,103
2024-05-23,19:49:05,Crypto_Account,6477,Region 5,ATM,21534511.0,14938.0,149.38,Retail,21519573.0,21519423.62,Active,Approved,109
2024-05-23,19:49:05,ECommerce,1413,Region 6,Mobile_Phone,16156907.0,20177.0,201.77,Crypto,16136730.0,16136528.23,Flag,Approved,106
2024-05-23,19:49:05,ECommerce,4308,Region 3,PC,9533288.0,46895.0,468.95,Customer,9486393.0,9485924.05,Suspended,Approved,106
2024-05-23,19:49:05,Vendor,9513,Region 4,Mobile_Phone,41528443.0,38563.0,385.63,Crypto,41489880.0,41489494.37,Flag,Approved,106
2024-05-23,19:49:05,Retail,3189,Region 3,Register,27637635.0,3027.0,30.27,Wirehouse,27634608.0,27634577.73,Active,Approved,102
2024-05-23,19:49:05,ECommerce,1130,Region 6,PC,32045242.0,3908.0,39.08,Customer,32041334.0,32041294.92,Suspended,Approved,109
2024-05-23,19:49:05,Bank,1036,Region 7,Mobile_Tablet,8987421.0,29321.0,293.21,Delivery,8958100.0,8957806.79,Flag,Approved,107
2024-05-23,19:49:05,Vendor,5211,Region 1,ATM,39864944.0,38843.0,388.43,Retail,39826101.0,39825712.57,Suspended,Denied,107
2024-05-23,19:49:05,Bank,6789,Region 7,Mobile_Phone,27021641.0,6175.0,61.75,Retail,27015466.0,27015404.25,Flag,Approved,102
2024-05-23,19:49:05,Retail,2848,Region 3,ATM,41464965.0,7372.0,73.72,Delivery,41457593.0,41457519.28,Active,Denied,107
2024-05-23,19:49:05,Vendor,3377,Region 6,PC,27691162.0,36557.0,365.57,Retail,27654605.0,27654239.43,Active,Denied,107
2024-05-23,19:49:05,Bank,3821,Region 5,Mobile_Tablet,42277509.0,11206.0,112.06,Retail,42266303.0,42266190.94,Flag,Denied,104
2024-05-23,19:49:05,Retail,3314,Region 7,ATM,27888062.0,2327.0,23.27,Delivery,27885735.0,27885711.73,Suspended,Approved,107
2024-05-23,19:49:05,ECommerce,3047,Region 7,PC,30699173.0,25475.0,254.75,Retail,30673698.0,30673443.25,Suspended,Denied,107
2024-05-23,19:49:05,ECommerce,5680,Region 4,Mobile_Phone,38785781.0,45433.0,454.33,Customer,38740348.0,38739893.67,Flag,Denied,101
2024-05-23,19:49:05,Bank,3902,Region 5,Mobile_Phone,28178016.0,28668.0,286.68,Wirehouse,28149348.0,28149061.32,Suspended,Approved,107
2024-05-23,19:49:05,ECommerce,8587,Region 1,Register,12587467.0,13732.0,137.32,Retail,12573735.0,12573597.68,Active,Denied,102
2024-05-23,19:49:05,Bank,7525,Region 6,PC,9098598.0,44914.0,449.14,Customer,9053684.0,9053234.86,Active,Approved,107
2024-05-23,19:49:05,Vendor,3717,Region 5,Mobile_Tablet,32843631.0,30651.0,306.51,Customer,32812980.0,32812673.49,Active,Approved,107
2024-05-23,19:49:05,ECommerce,1822,Region 1,ATM,14072941.0,21858.0,218.58,Retail,14051083.0,14050864.42,Active,Denied,110
2024-05-23,19:49:05,Crypto_Account,9445,Region 6,Mobile_Tablet,15965060.0,4979.0,49.79,Retail,15960081.0,15960031.21,Suspended,Denied,108
2024-05-23,19:49:05,Vendor,3130,Region 2,Mobile_Phone,7777104.0,22972.0,229.72,Retail,7754132.0,7753902.28,Flag,Denied,106
2024-05-23,19:49:05,Bank,7240,Region 5,Register,9797891.0,29423.0,294.23,Customer,9768468.0,9768173.77,Suspended,Approved,103
2024-05-23,19:49:05,Retail,4251,Region 1,Register,1065350.0,26910.0,269.1,Crypto,1038440.0,1038170.9,Flag,Approved,108
2024-05-23,19:49:05,ECommerce,3329,Region 3,Mobile_Phone,6987640.0,25811.0,258.11,Wirehouse,6961829.0,6961570.89,Active,Denied,108
2024-05-23,19:49:05,Vendor,4920,Region 2,Mobile_Tablet,3078858.0,19649.0,196.49,Retail,3059209.0,3059012.51,Suspended,Denied,101
2024-05-23,19:49:05,Crypto_Account,9851,Region 3,PC,11514936.0,36779.0,367.79,Wirehouse,11478157.0,11477789.21,Active,Approved,103
2024-05-23,19:49:05,Crypto_Account,2417,Region 7,Mobile_Phone,1321307.0,21479.0,214.79,Customer,1299828.0,1299613.21,Flag,Denied,103
2024-05-23,19:49:05,Bank,4165,Region 6,ATM,11043298.0,37323.0,373.23,Wirehouse,11005975.0,11005601.77,Suspended,Approved,101
2024-05-23,19:49:05,Retail,6313,Region 1,Mobile_Phone,17580322.0,5257.0,52.57,Delivery,17575065.0,17575012.43,Active,Approved,107
2024-05-23,19:49:05,Bank,3189,Region 3,Mobile_Phone,34356802.0,38948.0,389.48,Customer,34317854.0,34317464.52,Suspended,Denied,105
2024-05-23,19:49:05,Bank,1448,Region 5,Mobile_Tablet,41473742.0,42868.0,428.68,Delivery,41430874.0,41430445.32,Active,Approved,109
2024-05-23,19:49:05,Vendor,1203,Region 2,Register,18673280.0,46001.0,460.01,Retail,18627279.0,18626818.99,Flag,Denied,103
2024-05-23,19:49:05,ECommerce,6633,Region 6,ATM,21154085.0,19836.0,198.36,Crypto,21134249.0,21134050.64,Active,Denied,109
2024-05-23,19:49:05,Bank,6091,Region 5,Register,3076959.0,3820.0,38.2,Crypto,3073139.0,3073100.8,Suspended,Approved,108
2024-05-23,19:49:05,Vendor,7017,Region 4,PC,39891458.0,36453.0,364.53,Customer,39855005.0,39854640.47,Flag,Denied,104
2024-05-23,19:49:05,Retail,2899,Region 6,Register,37369676.0,40212.0,402.12,Wirehouse,37329464.0,37329061.88,Flag,Approved,107
2024-05-23,19:49:05,Vendor,5990,Region 4,PC,15645255.0,35374.0,353.74,Retail,15609881.0,15609527.26,Active,Approved,109
2024-05-23,19:49:05,Crypto_Account,3434,Region 6,PC,16493233.0,16212.0,162.12,Crypto,16477021.0,16476858.88,Active,Approved,106
2024-05-23,19:49:05,Vendor,5125,Region 7,PC,35439264.0,21133.0,211.33,Crypto,35418131.0,35417919.67,Flag,Approved,102
2024-05-23,19:49:05,Crypto_Account,3070,Region 3,Mobile_Tablet,42817329.0,25396.0,253.96,Crypto,42791933.0,42791679.04,Flag,Approved,106
2024-05-23,19:49:05,ECommerce,7007,Region 7,ATM,10558933.0,43015.0,430.15,Customer,10515918.0,10515487.85,Flag,Denied,110
2024-05-23,19:49:05,ECommerce,3057,Region 7,Register,39750370.0,34284.0,342.84,Customer,39716086.0,39715743.16,Flag,Denied,109
2024-05-23,19:49:05,Crypto_Account,9891,Region 4,PC,21561568.0,23874.0,238.74,Delivery,21537694.0,21537455.26,Active,Denied,106
2024-05-23,19:49:05,Crypto_Account,5505,Region 6,Mobile_Tablet,14378895.0,38082.0,380.82,Retail,14340813.0,14340432.18,Active,Approved,102
2024-05-23,19:49:05,Vendor,8156,Region 6,Register,8559590.0,46405.0,464.05,Wirehouse,8513185.0,8512720.95,Active,Denied,106
2024-05-23,19:49:05,ECommerce,9462,Region 5,ATM,35781737.0,28664.0,286.64,Customer,35753073.0,35752786.36,Flag,Denied,109
2024-05-23,19:49:05,Retail,6282,Region 7,PC,9271399.0,31678.0,316.78,Delivery,9239721.0,9239404.22,Active,Denied,108
2024-05-23,19:49:05,ECommerce,4451,Region 5,ATM,35316610.0,43477.0,434.77,Wirehouse,35273133.0,35272698.23,Flag,Approved,103
2024-05-23,19:49:05,Crypto_Account,7190,Region 4,Mobile_Phone,6538838.0,28431.0,284.31,Customer,6510407.0,6510122.69,Suspended,Denied,105
2024-05-23,19:49:05,Retail,6056,Region 3,Mobile_Phone,20377848.0,17062.0,170.62,Customer,20360786.0,20360615.38,Active,Denied,106
2024-05-23,19:49:05,Bank,6196,Region 6,PC,29332052.0,21953.0,219.53,Wirehouse,29310099.0,29309879.47,Flag,Denied,109
2024-05-23,19:49:05,Crypto_Account,5863,Region 2,PC,25750975.0,40971.0,409.71,Retail,25710004.0,25709594.29,Active,Denied,110
2024-05-23,19:49:05,Bank,7574,Region 6,ATM,1142324.0,17851.0,178.51,Retail,1124473.0,1124294.49,Active,Denied,109
2024-05-23,19:49:05,Retail,5697,Region 1,Mobile_Tablet,42123271.0,23845.0,238.45,Crypto,42099426.0,42099187.55,Active,Approved,103
2024-05-23,19:49:05,Bank,7381,Region 5,Mobile_Tablet,36062911.0,45895.0,458.95,Crypto,36017016.0,36016557.05,Active,Denied,104
2024-05-23,19:49:05,Bank,3477,Region 2,Mobile_Tablet,5353615.0,24416.0,244.16,Customer,5329199.0,5328954.84,Flag,Denied,107
2024-05-23,19:49:05,Retail,5924,Region 6,Mobile_Tablet,10677221.0,8847.0,88.47,Retail,10668374.0,10668285.53,Suspended,Approved,110
2024-05-23,19:49:05,Retail,2357,Region 1,PC,5586209.0,697.0,6.97,Crypto,5585512.0,5585505.03,Suspended,Denied,101
2024-05-23,19:49:05,Bank,5971,Region 6,Mobile_Tablet,10471457.0,13650.0,136.5,Delivery,10457807.0,10457670.5,Flag,Denied,102
2024-05-23,19:49:18,Crypto_Account,4546,Region 4,ATM,18665602.0,38961.0,389.61,Delivery,18626641.0,18626251.39,Suspended,Approved,101
2024-05-23,19:49:18,Vendor,2234,Region 5,Mobile_Tablet,35331344.0,31039.0,310.39,Wirehouse,35300305.0,35299994.61,Active,Denied,102
2024-05-23,19:49:18,Crypto_Account,1129,Region 4,ATM,3408859.0,26173.0,261.73,Customer,3382686.0,3382424.27,Flag,Denied,108
2024-05-23,19:49:18,Crypto_Account,6495,Region 7,PC,26483018.0,15886.0,158.86,Delivery,26467132.0,26466973.14,Active,Denied,107
2024-05-23,19:49:18,Crypto_Account,4918,Region 3,Mobile_Phone,34242753.0,15107.0,151.07,Delivery,34227646.0,34227494.93,Suspended,Denied,110
2024-05-23,19:49:18,Vendor,9243,Region 5,Mobile_Tablet,42123061.0,43682.0,436.82,Delivery,42079379.0,42078942.18,Suspended,Approved,106
2024-05-23,19:49:18,Bank,7680,Region 1,Mobile_Phone,17367754.0,2798.0,27.98,Customer,17364956.0,17364928.02,Flag,Denied,104
2024-05-23,19:49:18,Vendor,1886,Region 5,Mobile_Tablet,26175991.0,17079.0,170.79,Delivery,26158912.0,26158741.21,Suspended,Approved,110
2024-05-23,19:49:18,ECommerce,6010,Region 7,Mobile_Tablet,44702021.0,43343.0,433.43,Wirehouse,44658678.0,44658244.57,Suspended,Denied,105
2024-05-23,19:49:18,Bank,8135,Region 2,ATM,40263596.0,35634.0,356.34,Customer,40227962.0,40227605.66,Suspended,Denied,104
2024-05-23,19:49:18,ECommerce,3466,Region 7,Mobile_Phone,14587992.0,17782.0,177.82,Delivery,14570210.0,14570032.18,Suspended,Approved,106
2024-05-23,19:49:18,Vendor,8152,Region 3,Mobile_Tablet,21308969.0,45161.0,451.61,Customer,21263808.0,21263356.39,Suspended,Approved,102
2024-05-23,19:49:18,Bank,2134,Region 2,ATM,30714503.0,1432.0,14.32,Crypto,30713071.0,30713056.68,Suspended,Denied,101
2024-05-23,19:49:18,Bank,1726,Region 5,PC,38045592.0,24011.0,240.11,Retail,38021581.0,38021340.89,Flag,Denied,105
2024-05-23,19:49:18,Retail,6740,Region 7,Register,32772425.0,1630.0,16.3,Delivery,32770795.0,32770778.7,Flag,Approved,109
2024-05-23,19:49:18,Crypto_Account,7260,Region 7,ATM,24545481.0,10973.0,109.73,Crypto,24534508.0,24534398.27,Active,Denied,103
2024-05-23,19:49:18,Crypto_Account,4018,Region 5,Mobile_Phone,23813678.0,32471.0,324.71,Wirehouse,23781207.0,23780882.29,Active,Approved,106
2024-05-23,19:49:18,Crypto_Account,8353,Region 7,Mobile_Phone,44375668.0,33638.0,336.38,Retail,44342030.0,44341693.62,Flag,Approved,101
2024-05-23,19:49:18,ECommerce,1693,Region 2,Mobile_Tablet,39891515.0,16993.0,169.93,Customer,39874522.0,39874352.07,Suspended,Approved,103
2024-05-23,19:49:18,Crypto_Account,1562,Region 4,Mobile_Phone,31508577.0,13541.0,135.41,Crypto,31495036.0,31494900.59,Flag,Denied,102
2024-05-23,19:49:18,Vendor,2771,Region 4,Mobile_Phone,302558.0,40038.0,400.38,Crypto,262520.0,262119.62,Flag,Denied,104
2024-05-23,19:49:18,Bank,9824,Region 2,PC,32600349.0,19858.0,198.58,Retail,32580491.0,32580292.42,Active,Approved,103
2024-05-23,19:49:18,Crypto_Account,5994,Region 2,Mobile_Tablet,4426605.0,13644.0,136.44,Delivery,4412961.0,4412824.56,Suspended,Denied,106
2024-05-23,19:49:18,Retail,8519,Region 7,PC,41829174.0,1448.0,14.48,Wirehouse,41827726.0,41827711.52,Suspended,Denied,106
2024-05-23,19:49:18,ECommerce,7216,Region 3,Mobile_Tablet,27414175.0,49030.0,490.3,Delivery,27365145.0,27364654.7,Suspended,Approved,106
2024-05-23,19:49:18,Retail,7548,Region 5,PC,371315.0,26327.0,263.27,Retail,344988.0,344724.73,Suspended,Denied,102
2024-05-23,19:49:18,Retail,6339,Region 4,PC,40405933.0,44574.0,445.74,Delivery,40361359.0,40360913.26,Active,Denied,110
2024-05-23,19:49:18,Retail,8160,Region 6,ATM,9298432.0,33733.0,337.33,Retail,9264699.0,9264361.67,Active,Approved,106
2024-05-23,19:49:18,Vendor,9247,Region 7,Mobile_Tablet,16249672.0,34444.0,344.44,Crypto,16215228.0,16214883.56,Active,Approved,106
2024-05-23,19:49:18,ECommerce,4845,Region 3,Mobile_Tablet,25030576.0,49548.0,495.48,Wirehouse,24981028.0,24980532.52,Active,Approved,106
2024-05-23,19:49:18,Crypto_Account,5992,Region 7,Mobile_Phone,33828649.0,10793.0,107.93,Crypto,33817856.0,33817748.07,Flag,Denied,109
2024-05-23,19:49:18,Crypto_Account,9334,Region 6,Register,40685810.0,47357.0,473.57,Customer,40638453.0,40637979.43,Flag,Denied,102
2024-05-23,19:49:18,Crypto_Account,5844,Region 2,Mobile_Tablet,27402895.0,16775.0,167.75,Retail,27386120.0,27385952.25,Flag,Denied,103
2024-05-23,19:49:18,ECommerce,6487,Region 1,Register,4296940.0,49588.0,495.88,Crypto,4247352.0,4246856.12,Flag,Denied,103
2024-05-23,19:49:18,Retail,5303,Region 6,Mobile_Tablet,37977361.0,23739.0,237.39,Delivery,37953622.0,37953384.61,Active,Approved,107
2024-05-23,19:49:18,Retail,4667,Region 4,Mobile_Phone,32182236.0,2739.0,27.39,Wirehouse,32179497.0,32179469.61,Flag,Approved,104
2024-05-23,19:49:18,Bank,5853,Region 1,Mobile_Tablet,6620038.0,4171.0,41.71,Customer,6615867.0,6615825.29,Suspended,Approved,102
2024-05-23,19:49:18,Vendor,8274,Region 1,PC,26219419.0,15819.0,158.19,Crypto,26203600.0,26203441.81,Suspended,Approved,107
2024-05-23,19:49:18,Vendor,7449,Region 2,PC,9174911.0,108.0,1.08,Wirehouse,9174803.0,9174801.92,Active,Approved,105
2024-05-23,19:49:18,ECommerce,7584,Region 1,Mobile_Phone,25602253.0,39069.0,390.69,Wirehouse,25563184.0,25562793.31,Active,Approved,104
2024-05-23,19:49:18,Vendor,3700,Region 7,Mobile_Tablet,32443426.0,19353.0,193.53,Delivery,32424073.0,32423879.47,Active,Approved,107
2024-05-23,19:49:18,ECommerce,7952,Region 1,PC,30037879.0,38787.0,387.87,Wirehouse,29999092.0,29998704.13,Flag,Approved,107
2024-05-23,19:49:18,Retail,2882,Region 3,Mobile_Tablet,1291042.0,26366.0,263.66,Retail,1264676.0,1264412.34,Suspended,Denied,105
2024-05-23,19:49:18,Bank,8797,Region 6,ATM,29439529.0,18220.0,182.2,Crypto,29421309.0,29421126.8,Suspended,Approved,106
2024-05-23,19:49:18,Bank,5790,Region 7,ATM,27493082.0,5592.0,55.92,Delivery,27487490.0,27487434.08,Active,Denied,105
2024-05-23,19:49:18,Retail,5996,Region 5,ATM,23787083.0,3935.0,39.35,Crypto,23783148.0,23783108.65,Active,Denied,104
2024-05-23,19:49:18,Bank,1322,Region 5,Register,1338895.0,18232.0,182.32,Delivery,1320663.0,1320480.68,Suspended,Denied,109
2024-05-23,19:49:18,Retail,9880,Region 6,Mobile_Tablet,220017.0,9534.0,95.34,Delivery,210483.0,210387.66,Suspended,Approved,106
2024-05-23,19:49:18,Bank,1342,Region 7,Register,23307395.0,31556.0,315.56,Customer,23275839.0,23275523.44,Suspended,Denied,105
2024-05-23,19:49:18,Crypto_Account,5336,Region 4,PC,4197700.0,45087.0,450.87,Crypto,4152613.0,4152162.13,Active,Approved,110
2024-05-23,19:49:18,Vendor,3008,Region 2,ATM,24427148.0,1016.0,10.16,Retail,24426132.0,24426121.84,Active,Approved,110
2024-05-23,19:49:18,Retail,2447,Region 6,PC,23191395.0,46141.0,461.41,Delivery,23145254.0,23144792.59,Active,Approved,101
2024-05-23,19:49:18,Bank,5083,Region 2,Mobile_Tablet,4744231.0,23409.0,234.09,Wirehouse,4720822.0,4720587.91,Active,Approved,103
2024-05-23,19:49:18,Crypto_Account,2406,Region 2,ATM,33306960.0,24501.0,245.01,Wirehouse,33282459.0,33282213.99,Active,Denied,104
2024-05-23,19:49:18,Vendor,6153,Region 1,Mobile_Tablet,21790280.0,48808.0,488.08,Crypto,21741472.0,21740983.92,Flag,Approved,106
2024-05-23,19:49:18,Crypto_Account,9356,Region 2,PC,15208789.0,2551.0,25.51,Wirehouse,15206238.0,15206212.49,Active,Denied,107
2024-05-23,19:49:18,Bank,7817,Region 5,Mobile_Phone,21315764.0,23955.0,239.55,Crypto,21291809.0,21291569.45,Active,Approved,107
2024-05-23,19:49:18,Bank,7356,Region 6,Mobile_Phone,14690203.0,42702.0,427.02,Wirehouse,14647501.0,14647073.98,Flag,Denied,103
2024-05-23,19:49:18,Vendor,1619,Region 1,Mobile_Phone,39404543.0,28129.0,281.29,Customer,39376414.0,39376132.71,Flag,Approved,108
2024-05-23,19:49:18,Retail,9109,Region 7,ATM,22225182.0,20899.0,208.99,Retail,22204283.0,22204074.01,Flag,Approved,104
2024-05-23,19:49:18,Vendor,1859,Region 6,ATM,20975738.0,41548.0,415.48,Customer,20934190.0,20933774.52,Suspended,Denied,104
2024-05-23,19:49:18,Bank,5424,Region 4,Mobile_Tablet,40324459.0,3351.0,33.51,Retail,40321108.0,40321074.49,Active,Denied,109
2024-05-23,19:49:18,ECommerce,6623,Region 5,ATM,23012383.0,29941.0,299.41,Wirehouse,22982442.0,22982142.59,Suspended,Approved,105
2024-05-23,19:49:18,Vendor,3048,Region 6,Register,17158462.0,20815.0,208.15,Crypto,17137647.0,17137438.85,Suspended,Approved,101
2024-05-23,19:49:18,Retail,9132,Region 3,Mobile_Tablet,41431972.0,24800.0,248.0,Retail,41407172.0,41406924.0,Flag,Denied,103
2024-05-23,19:49:18,ECommerce,9959,Region 5,Mobile_Tablet,2113648.0,5255.0,52.55,Delivery,2108393.0,2108340.45,Suspended,Approved,102
2024-05-23,19:49:18,Crypto_Account,6393,Region 3,PC,34600113.0,30231.0,302.31,Delivery,34569882.0,34569579.69,Flag,Approved,103
2024-05-23,19:49:18,Vendor,6486,Region 3,Register,16848934.0,7980.0,79.8,Crypto,16840954.0,16840874.2,Flag,Approved,104
2024-05-23,19:49:18,ECommerce,1911,Region 2,ATM,35819057.0,6928.0,69.28,Delivery,35812129.0,35812059.72,Suspended,Approved,104
2024-05-23,19:49:18,Vendor,6600,Region 2,ATM,23237049.0,8538.0,85.38,Delivery,23228511.0,23228425.62,Active,Denied,106
2024-05-23,19:49:18,Retail,3398,Region 5,Mobile_Phone,36281093.0,5435.0,54.35,Customer,36275658.0,36275603.65,Suspended,Denied,101
2024-05-23,19:49:18,Bank,8104,Region 6,Mobile_Phone,26617056.0,12141.0,121.41,Crypto,26604915.0,26604793.59,Active,Approved,102
2024-05-23,19:49:18,ECommerce,5174,Region 1,Mobile_Tablet,8021241.0,7944.0,79.44,Customer,8013297.0,8013217.56,Suspended,Approved,106
2024-05-23,19:49:18,ECommerce,7104,Region 5,Mobile_Tablet,27047470.0,18089.0,180.89,Delivery,27029381.0,27029200.11,Suspended,Approved,101
2024-05-23,19:49:18,Vendor,4969,Region 6,Mobile_Phone,44939044.0,49739.0,497.39,Customer,44889305.0,44888807.61,Active,Denied,106
2024-05-23,19:49:18,Bank,6502,Region 5,ATM,38603621.0,43826.0,438.26,Crypto,38559795.0,38559356.74,Flag,Denied,102
2024-05-23,19:49:18,ECommerce,8303,Region 7,Register,22440979.0,38374.0,383.74,Customer,22402605.0,22402221.26,Suspended,Denied,107
2024-05-23,19:49:18,ECommerce,3516,Region 2,ATM,9415847.0,11418.0,114.18,Customer,9404429.0,9404314.82,Suspended,Denied,105
2024-05-23,19:49:18,Vendor,3028,Region 6,Mobile_Phone,44895441.0,8938.0,89.38,Customer,44886503.0,44886413.62,Suspended,Denied,106
2024-05-23,19:49:18,Vendor,9071,Region 7,ATM,8359540.0,1639.0,16.39,Delivery,8357901.0,8357884.61,Flag,Denied,107
2024-05-23,19:49:18,Vendor,4536,Region 5,Register,24209343.0,44916.0,449.16,Wirehouse,24164427.0,24163977.84,Active,Denied,103
2024-05-23,19:49:18,Vendor,3721,Region 1,Mobile_Tablet,38355620.0,40598.0,405.98,Crypto,38315022.0,38314616.02,Flag,Denied,101
2024-05-23,19:49:18,Retail,2611,Region 5,Register,39617436.0,20031.0,200.31,Customer,39597405.0,39597204.69,Suspended,Approved,107
2024-05-23,19:49:18,Vendor,6717,Region 1,PC,2433175.0,28950.0,289.5,Customer,2404225.0,2403935.5,Flag,Approved,107
2024-05-23,19:49:18,Vendor,7379,Region 2,ATM,42241349.0,36207.0,362.07,Retail,42205142.0,42204779.93,Flag,Approved,101
2024-05-23,19:49:18,Vendor,1159,Region 5,ATM,37804510.0,34222.0,342.22,Crypto,37770288.0,37769945.78,Suspended,Approved,110
2024-05-23,19:49:18,Retail,1513,Region 2,Mobile_Tablet,13470269.0,9830.0,98.3,Delivery,13460439.0,13460340.7,Flag,Approved,106
2024-05-23,19:49:18,ECommerce,4380,Region 2,ATM,31149776.0,21400.0,214.0,Retail,31128376.0,31128162.0,Active,Denied,105
2024-05-23,19:49:18,Crypto_Account,1712,Region 6,ATM,28686111.0,35061.0,350.61,Retail,28651050.0,28650699.39,Suspended,Denied,105
2024-05-23,19:49:18,Retail,8427,Region 2,Register,31026304.0,3940.0,39.4,Retail,31022364.0,31022324.6,Suspended,Denied,106
2024-05-23,19:49:18,Crypto_Account,9991,Region 7,Mobile_Tablet,43599444.0,35359.0,353.59,Delivery,43564085.0,43563731.41,Active,Denied,107
2024-05-23,19:49:18,Vendor,9248,Region 2,Mobile_Phone,30528719.0,4705.0,47.05,Wirehouse,30524014.0,30523966.95,Flag,Denied,110
2024-05-23,19:49:18,ECommerce,5161,Region 5,PC,4021741.0,9848.0,98.48,Wirehouse,4011893.0,4011794.52,Active,Approved,102
2024-05-23,19:49:18,Crypto_Account,2136,Region 5,ATM,34366259.0,5827.0,58.27,Retail,34360432.0,34360373.73,Active,Approved,105
2024-05-23,19:49:18,ECommerce,2884,Region 1,PC,32906950.0,18860.0,188.6,Retail,32888090.0,32887901.4,Active,Denied,108
2024-05-23,19:49:18,Vendor,5816,Region 1,ATM,3257381.0,41394.0,413.94,Delivery,3215987.0,3215573.06,Suspended,Approved,104
2024-05-23,19:49:18,Bank,2460,Region 3,Register,12966027.0,16316.0,163.16,Wirehouse,12949711.0,12949547.84,Suspended,Approved,106
2024-05-23,19:49:18,Bank,1347,Region 6,Mobile_Phone,10601643.0,3219.0,32.19,Wirehouse,10598424.0,10598391.81,Suspended,Denied,108
2024-05-23,19:49:18,ECommerce,1888,Region 2,Mobile_Phone,26243916.0,28467.0,284.67,Wirehouse,26215449.0,26215164.33,Suspended,Approved,109
2024-05-23,19:49:18,Crypto_Account,9254,Region 1,ATM,11130361.0,24000.0,240.0,Delivery,11106361.0,11106121.0,Suspended,Denied,101
